{
    "name":"CuboGeometry",
    "uvs":[],
    "faces":[33,2,0,1,3,0,1,2,3,33,3,7,6,2,3,4,5,0,33,7,5,4,6,4,6,7,5,33,0,4,5,1,1,7,6,2,33,0,2,6,4,1,0,5,7,33,5,7,3,1,6,4,3,2],
    "normals":[-0.577349,-0.577349,-0.577349,-0.577349,-0.577349,0.577349,-0.577349,0.577349,0.577349,-0.577349,0.577349,-0.577349,0.577349,0.577349,-0.577349,0.577349,-0.577349,-0.577349,0.577349,0.577349,0.577349,0.577349,-0.577349,0.577349],
    "metadata":{
        "version":3,
        "normals":8,
        "uvs":0,
        "generator":"io_three",
        "faces":6,
        "type":"Geometry",
        "vertices":8
    },
    "vertices":[-8.1784,-0.322644,0.425133,-8.1784,0.322645,0.425133,-8.1784,-0.322645,-0.425133,-8.1784,0.322644,-0.425133,8.1784,-0.322644,0.425133,8.1784,0.322645,0.425133,8.1784,-0.322645,-0.425133,8.1784,0.322644,-0.425133]
}