{
    "uvs":[],
    "materials":[{
        "blending":"NormalBlending",
        "opacity":1,
        "shading":"phong",
        "DbgIndex":0,
        "transparent":false,
        "colorSpecular":[0.5,0.5,0.5],
        "depthTest":true,
        "colorDiffuse":[0.8,0.8,0.8],
        "DbgName":"Hierro",
        "specularCoef":50,
        "colorEmissive":[0,0,0],
        "depthWrite":true,
        "wireframe":false,
        "DbgColor":15658734,
        "visible":true
    }],
    "faces":[35,2,0,1,3,0,0,1,2,3,35,3,7,6,2,0,3,4,5,0,35,7,5,4,6,0,4,6,7,5,35,0,4,5,1,0,1,7,6,2,35,0,2,6,4,0,1,0,5,7,35,5,7,3,1,0,6,4,3,2],
    "metadata":{
        "uvs":0,
        "faces":6,
        "normals":8,
        "type":"Geometry",
        "materials":1,
        "vertices":8,
        "version":3,
        "generator":"io_three"
    },
    "vertices":[-8.1784,-0.322644,0.425133,-8.1784,0.322645,0.425133,-8.1784,-0.322645,-0.425133,-8.1784,0.322644,-0.425133,8.1784,-0.322644,0.425133,8.1784,0.322645,0.425133,8.1784,-0.322645,-0.425133,8.1784,0.322644,-0.425133],
    "name":"CuboGeometry.1",
    "normals":[-0.577349,-0.577349,-0.577349,-0.577349,-0.577349,0.577349,-0.577349,0.577349,0.577349,-0.577349,0.577349,-0.577349,0.577349,0.577349,-0.577349,0.577349,-0.577349,-0.577349,0.577349,0.577349,0.577349,0.577349,-0.577349,0.577349]
}