{
    "name":"Cilindro.008Geometry",
    "uvs":[],
    "faces":[33,0,1,3,2,0,1,2,3,33,2,3,5,4,3,2,4,5,33,4,5,7,6,5,4,6,7,33,6,7,9,8,7,6,8,9,33,8,9,11,10,9,8,10,11,33,10,11,13,12,11,10,12,13,33,12,13,15,14,13,12,14,15,33,14,15,17,16,15,14,16,17,33,16,17,19,18,17,16,18,19,33,18,19,21,20,19,18,20,21,33,20,21,23,22,21,20,22,23,33,22,23,25,24,23,22,24,25,33,24,25,27,26,25,24,26,27,33,26,27,29,28,27,26,28,29,33,28,29,31,30,29,28,30,31,33,30,31,33,32,31,30,32,33,33,32,33,35,34,33,32,34,35,33,34,35,37,36,35,34,36,37,33,36,37,39,38,37,36,38,39,33,38,39,41,40,39,38,40,41,33,40,41,43,42,41,40,42,43,33,42,43,45,44,43,42,44,45,33,44,45,47,46,45,44,46,47,33,46,47,49,48,47,46,48,49,33,48,49,51,50,49,48,50,51,33,50,51,53,52,51,50,52,53,33,52,53,55,54,53,52,54,55,33,54,55,57,56,55,54,56,57,33,56,57,59,58,57,56,58,59,33,58,59,61,60,59,58,60,61,32,5,3,1,4,2,1,32,1,63,61,1,62,60,32,61,59,57,60,58,56,32,57,55,53,56,54,52,32,53,51,49,52,50,48,32,49,47,45,48,46,44,32,45,43,41,44,42,40,32,41,39,37,40,38,36,32,37,35,33,36,34,32,32,33,31,29,32,30,28,32,29,27,25,28,26,24,32,25,23,21,24,22,20,32,21,19,17,20,18,16,32,17,15,13,16,14,12,32,13,11,9,12,10,8,32,9,7,5,8,6,4,32,5,1,61,4,1,60,32,61,57,53,60,56,52,32,53,49,45,52,48,44,32,45,41,37,44,40,36,32,37,33,29,36,32,28,32,29,25,21,28,24,20,32,21,17,13,20,16,12,32,13,9,5,12,8,4,32,5,61,53,4,60,52,32,53,45,37,52,44,36,32,37,29,21,36,28,20,32,21,13,5,20,12,4,32,5,53,37,4,52,36,32,37,21,5,36,20,4,33,1,0,62,63,1,0,63,62,33,60,61,63,62,61,60,62,63,32,62,0,2,63,0,3,32,2,4,6,3,5,7,32,6,8,10,7,9,11,32,10,12,14,11,13,15,32,14,16,18,15,17,19,32,18,20,22,19,21,23,32,22,24,26,23,25,27,32,26,28,30,27,29,31,32,30,32,34,31,33,35,32,34,36,38,35,37,39,32,38,40,42,39,41,43,32,42,44,46,43,45,47,32,46,48,50,47,49,51,32,50,52,54,51,53,55,32,54,56,58,55,57,59,32,58,60,62,59,61,63,32,62,2,6,63,3,7,32,6,10,14,7,11,15,32,14,18,22,15,19,23,32,22,26,30,23,27,31,32,30,34,38,31,35,39,32,38,42,46,39,43,47,32,46,50,54,47,51,55,32,54,58,62,55,59,63,32,62,6,14,63,7,15,32,14,22,30,15,23,31,32,30,38,46,31,39,47,32,46,54,62,47,55,63,32,62,14,30,63,15,31,32,30,46,62,31,47,63],
    "normals":[0,-0.086032,-0.996277,0,0.99527,-0.096835,0.018891,0.99527,-0.094974,0.194342,-0.086032,-0.977142,0.037049,0.99527,-0.08948,0.381237,-0.086032,-0.920438,0.053804,0.99527,-0.080508,0.553484,-0.086032,-0.828364,0.068484,0.99527,-0.068484,0.704459,-0.086032,-0.704459,0.080508,0.99527,-0.053804,0.828364,-0.086032,-0.553484,0.08948,0.99527,-0.037049,0.920438,-0.086032,-0.381237,0.094974,0.99527,-0.018891,0.977142,-0.086032,-0.194342,0.096835,0.99527,0,0.996277,-0.086032,0,0.094974,0.99527,0.018891,0.977142,-0.086032,0.194342,0.08948,0.99527,0.037049,0.920438,-0.086032,0.381237,0.080508,0.99527,0.053804,0.828364,-0.086032,0.553484,0.068484,0.99527,0.068484,0.704459,-0.086032,0.704459,0.053804,0.99527,0.080508,0.553484,-0.086032,0.828364,0.037049,0.99527,0.08948,0.381237,-0.086032,0.920438,0.018891,0.99527,0.094974,0.194342,-0.086032,0.977142,0,0.99527,0.096835,0,-0.086032,0.996277,-0.018891,0.99527,0.094974,-0.194342,-0.086032,0.977142,-0.037049,0.99527,0.08948,-0.381237,-0.086032,0.920438,-0.053804,0.99527,0.080508,-0.553484,-0.086032,0.828364,-0.068484,0.99527,0.068484,-0.704459,-0.086032,0.704459,-0.080508,0.99527,0.053804,-0.828364,-0.086032,0.553484,-0.08948,0.99527,0.037049,-0.920438,-0.086032,0.381237,-0.094974,0.99527,0.018891,-0.977142,-0.086032,0.194342,-0.096835,0.99527,0,-0.996277,-0.086032,0,-0.094974,0.99527,-0.018891,-0.977142,-0.086032,-0.194342,-0.08948,0.99527,-0.037049,-0.920438,-0.086032,-0.381237,-0.080508,0.99527,-0.053804,-0.828364,-0.086032,-0.553484,-0.068484,0.99527,-0.068484,-0.704459,-0.086032,-0.704459,-0.053804,0.99527,-0.080508,-0.553484,-0.086032,-0.828364,-0.037049,0.99527,-0.08948,-0.381237,-0.086032,-0.920438,-0.018891,0.99527,-0.094974,-0.194342,-0.086032,-0.977142],
    "metadata":{
        "version":3,
        "normals":64,
        "uvs":0,
        "generator":"io_three",
        "faces":92,
        "type":"Geometry",
        "vertices":64
    },
    "vertices":[0,-0.073889,-0.543879,0,-0.043134,-0.3774,0.106105,-0.073889,-0.533428,0.073627,-0.043134,-0.370149,0.208133,-0.073889,-0.502478,0.144425,-0.043134,-0.348672,0.302163,-0.073889,-0.452219,0.209672,-0.043134,-0.313797,0.38458,-0.073889,-0.38458,0.266862,-0.043134,-0.266862,0.452219,-0.073889,-0.302163,0.313797,-0.043134,-0.209672,0.502478,-0.073889,-0.208133,0.348672,-0.043134,-0.144425,0.533428,-0.073889,-0.106105,0.370149,-0.043134,-0.073627,0.543879,-0.073889,-0,0.3774,-0.043134,-0,0.533428,-0.073889,0.106105,0.370149,-0.043134,0.073627,0.502478,-0.073889,0.208133,0.348672,-0.043134,0.144425,0.452219,-0.073889,0.302163,0.313797,-0.043134,0.209672,0.38458,-0.073889,0.38458,0.266862,-0.043134,0.266862,0.302163,-0.073889,0.452219,0.209672,-0.043134,0.313797,0.208133,-0.073889,0.502478,0.144425,-0.043134,0.348672,0.106105,-0.073889,0.533428,0.073627,-0.043134,0.370148,-0,-0.073889,0.543879,-0,-0.043134,0.3774,-0.106106,-0.073889,0.533428,-0.073627,-0.043134,0.370148,-0.208134,-0.073889,0.502478,-0.144425,-0.043134,0.348672,-0.302163,-0.073889,0.452218,-0.209672,-0.043134,0.313797,-0.384581,-0.073889,0.38458,-0.266862,-0.043134,0.266862,-0.452219,-0.073889,0.302162,-0.313797,-0.043134,0.209672,-0.502478,-0.073889,0.208133,-0.348672,-0.043134,0.144424,-0.533428,-0.073889,0.106105,-0.370149,-0.043134,0.073627,-0.543879,-0.073889,-1e-06,-0.3774,-0.043134,-0,-0.533428,-0.073889,-0.106106,-0.370148,-0.043134,-0.073628,-0.502478,-0.073889,-0.208134,-0.348672,-0.043134,-0.144425,-0.452218,-0.073889,-0.302163,-0.313796,-0.043134,-0.209673,-0.38458,-0.073889,-0.384581,-0.266862,-0.043134,-0.266863,-0.302162,-0.073889,-0.452219,-0.209672,-0.043134,-0.313797,-0.208133,-0.073889,-0.502479,-0.144424,-0.043134,-0.348673,-0.106105,-0.073889,-0.533428,-0.073627,-0.043134,-0.370149]
}