{
    "uvs":[],
    "materials":[{
        "blending":"NormalBlending",
        "opacity":1,
        "shading":"phong",
        "DbgIndex":0,
        "transparent":false,
        "colorSpecular":[0.5,0.5,0.5],
        "depthTest":true,
        "colorDiffuse":[0.683982,0.223027,0.038504],
        "DbgName":"Naranja_estandar.001",
        "specularCoef":50,
        "colorEmissive":[0,0,0],
        "depthWrite":true,
        "wireframe":false,
        "DbgColor":15658734,
        "visible":true
    }],
    "faces":[35,0,1,3,2,0,0,1,2,3,35,2,3,5,4,0,3,2,4,5,35,4,5,7,6,0,5,4,6,7,35,6,7,9,8,0,7,6,8,9,35,8,9,11,10,0,9,8,10,11,35,10,11,13,12,0,11,10,12,13,35,12,13,15,14,0,13,12,14,15,35,14,15,17,16,0,15,14,16,17,35,16,17,19,18,0,17,16,18,19,35,18,19,21,20,0,19,18,20,21,35,20,21,23,22,0,21,20,22,23,35,22,23,25,24,0,23,22,24,25,35,24,25,27,26,0,25,24,26,27,35,26,27,29,28,0,27,26,28,29,35,28,29,31,30,0,29,28,30,31,35,30,31,33,32,0,31,30,32,33,35,32,33,35,34,0,33,32,34,35,35,34,35,37,36,0,35,34,36,37,35,36,37,39,38,0,37,36,38,39,35,38,39,41,40,0,39,38,40,41,35,40,41,43,42,0,41,40,42,43,35,42,43,45,44,0,43,42,44,45,35,44,45,47,46,0,45,44,46,47,35,46,47,49,48,0,47,46,48,49,35,48,49,51,50,0,49,48,50,51,35,50,51,53,52,0,51,50,52,53,35,52,53,55,54,0,53,52,54,55,35,54,55,57,56,0,55,54,56,57,35,56,57,59,58,0,57,56,58,59,35,58,59,61,60,0,59,58,60,61,34,5,3,1,0,4,2,1,34,1,63,61,0,1,62,60,34,61,59,57,0,60,58,56,34,57,55,53,0,56,54,52,34,53,51,49,0,52,50,48,34,49,47,45,0,48,46,44,34,45,43,41,0,44,42,40,34,41,39,37,0,40,38,36,34,37,35,33,0,36,34,32,34,33,31,29,0,32,30,28,34,29,27,25,0,28,26,24,34,25,23,21,0,24,22,20,34,21,19,17,0,20,18,16,34,17,15,13,0,16,14,12,34,13,11,9,0,12,10,8,34,9,7,5,0,8,6,4,34,5,1,61,0,4,1,60,34,61,57,53,0,60,56,52,34,53,49,45,0,52,48,44,34,45,41,37,0,44,40,36,34,37,33,29,0,36,32,28,34,29,25,21,0,28,24,20,34,21,17,13,0,20,16,12,34,13,9,5,0,12,8,4,34,5,61,53,0,4,60,52,34,53,45,37,0,52,44,36,34,37,29,21,0,36,28,20,34,21,13,5,0,20,12,4,34,5,53,37,0,4,52,36,34,37,21,5,0,36,20,4,35,1,0,62,63,0,1,0,63,62,35,60,61,63,62,0,61,60,62,63,34,62,0,2,0,63,0,3,34,2,4,6,0,3,5,7,34,6,8,10,0,7,9,11,34,10,12,14,0,11,13,15,34,14,16,18,0,15,17,19,34,18,20,22,0,19,21,23,34,22,24,26,0,23,25,27,34,26,28,30,0,27,29,31,34,30,32,34,0,31,33,35,34,34,36,38,0,35,37,39,34,38,40,42,0,39,41,43,34,42,44,46,0,43,45,47,34,46,48,50,0,47,49,51,34,50,52,54,0,51,53,55,34,54,56,58,0,55,57,59,34,58,60,62,0,59,61,63,34,62,2,6,0,63,3,7,34,6,10,14,0,7,11,15,34,14,18,22,0,15,19,23,34,22,26,30,0,23,27,31,34,30,34,38,0,31,35,39,34,38,42,46,0,39,43,47,34,46,50,54,0,47,51,55,34,54,58,62,0,55,59,63,34,62,6,14,0,63,7,15,34,14,22,30,0,15,23,31,34,30,38,46,0,31,39,47,34,46,54,62,0,47,55,63,34,62,14,30,0,63,15,31,34,30,46,62,0,31,47,63],
    "metadata":{
        "uvs":0,
        "faces":92,
        "normals":64,
        "type":"Geometry",
        "materials":1,
        "vertices":64,
        "version":3,
        "generator":"io_three"
    },
    "vertices":[0,-0.073889,-0.543879,0,-0.043134,-0.3774,0.106105,-0.073889,-0.533428,0.073627,-0.043134,-0.370149,0.208133,-0.073889,-0.502478,0.144425,-0.043134,-0.348672,0.302163,-0.073889,-0.452219,0.209672,-0.043134,-0.313797,0.38458,-0.073889,-0.38458,0.266862,-0.043134,-0.266862,0.452219,-0.073889,-0.302163,0.313797,-0.043134,-0.209672,0.502478,-0.073889,-0.208133,0.348672,-0.043134,-0.144425,0.533428,-0.073889,-0.106105,0.370149,-0.043134,-0.073627,0.543879,-0.073889,-0,0.3774,-0.043134,-0,0.533428,-0.073889,0.106105,0.370149,-0.043134,0.073627,0.502478,-0.073889,0.208133,0.348672,-0.043134,0.144425,0.452219,-0.073889,0.302163,0.313797,-0.043134,0.209672,0.38458,-0.073889,0.38458,0.266862,-0.043134,0.266862,0.302163,-0.073889,0.452219,0.209672,-0.043134,0.313797,0.208133,-0.073889,0.502478,0.144425,-0.043134,0.348672,0.106105,-0.073889,0.533428,0.073627,-0.043134,0.370148,-0,-0.073889,0.543879,-0,-0.043134,0.3774,-0.106106,-0.073889,0.533428,-0.073627,-0.043134,0.370148,-0.208134,-0.073889,0.502478,-0.144425,-0.043134,0.348672,-0.302163,-0.073889,0.452218,-0.209672,-0.043134,0.313797,-0.384581,-0.073889,0.38458,-0.266862,-0.043134,0.266862,-0.452219,-0.073889,0.302162,-0.313797,-0.043134,0.209672,-0.502478,-0.073889,0.208133,-0.348672,-0.043134,0.144424,-0.533428,-0.073889,0.106105,-0.370149,-0.043134,0.073627,-0.543879,-0.073889,-1e-06,-0.3774,-0.043134,-0,-0.533428,-0.073889,-0.106106,-0.370148,-0.043134,-0.073628,-0.502478,-0.073889,-0.208134,-0.348672,-0.043134,-0.144425,-0.452218,-0.073889,-0.302163,-0.313796,-0.043134,-0.209673,-0.38458,-0.073889,-0.384581,-0.266862,-0.043134,-0.266863,-0.302162,-0.073889,-0.452219,-0.209672,-0.043134,-0.313797,-0.208133,-0.073889,-0.502479,-0.144424,-0.043134,-0.348673,-0.106105,-0.073889,-0.533428,-0.073627,-0.043134,-0.370149],
    "name":"Cilindro.008Geometry.1",
    "normals":[0,-0.086032,-0.996277,0,0.99527,-0.096835,0.018891,0.99527,-0.094974,0.194342,-0.086032,-0.977142,0.037049,0.99527,-0.08948,0.381237,-0.086032,-0.920438,0.053804,0.99527,-0.080508,0.553484,-0.086032,-0.828364,0.068484,0.99527,-0.068484,0.704459,-0.086032,-0.704459,0.080508,0.99527,-0.053804,0.828364,-0.086032,-0.553484,0.08948,0.99527,-0.037049,0.920438,-0.086032,-0.381237,0.094974,0.99527,-0.018891,0.977142,-0.086032,-0.194342,0.096835,0.99527,0,0.996277,-0.086032,0,0.094974,0.99527,0.018891,0.977142,-0.086032,0.194342,0.08948,0.99527,0.037049,0.920438,-0.086032,0.381237,0.080508,0.99527,0.053804,0.828364,-0.086032,0.553484,0.068484,0.99527,0.068484,0.704459,-0.086032,0.704459,0.053804,0.99527,0.080508,0.553484,-0.086032,0.828364,0.037049,0.99527,0.08948,0.381237,-0.086032,0.920438,0.018891,0.99527,0.094974,0.194342,-0.086032,0.977142,0,0.99527,0.096835,0,-0.086032,0.996277,-0.018891,0.99527,0.094974,-0.194342,-0.086032,0.977142,-0.037049,0.99527,0.08948,-0.381237,-0.086032,0.920438,-0.053804,0.99527,0.080508,-0.553484,-0.086032,0.828364,-0.068484,0.99527,0.068484,-0.704459,-0.086032,0.704459,-0.080508,0.99527,0.053804,-0.828364,-0.086032,0.553484,-0.08948,0.99527,0.037049,-0.920438,-0.086032,0.381237,-0.094974,0.99527,0.018891,-0.977142,-0.086032,0.194342,-0.096835,0.99527,0,-0.996277,-0.086032,0,-0.094974,0.99527,-0.018891,-0.977142,-0.086032,-0.194342,-0.08948,0.99527,-0.037049,-0.920438,-0.086032,-0.381237,-0.080508,0.99527,-0.053804,-0.828364,-0.086032,-0.553484,-0.068484,0.99527,-0.068484,-0.704459,-0.086032,-0.704459,-0.053804,0.99527,-0.080508,-0.553484,-0.086032,-0.828364,-0.037049,0.99527,-0.08948,-0.381237,-0.086032,-0.920438,-0.018891,0.99527,-0.094974,-0.194342,-0.086032,-0.977142]
}