{
    "uvs":[],
    "materials":[{
        "blending":"NormalBlending",
        "opacity":1,
        "shading":"phong",
        "DbgIndex":0,
        "transparent":false,
        "colorSpecular":[0.5,0.5,0.5],
        "depthTest":true,
        "colorDiffuse":[0.683982,0.223027,0.038504],
        "DbgName":"Naranja_estandar.001",
        "specularCoef":50,
        "colorEmissive":[0,0,0],
        "depthWrite":true,
        "wireframe":false,
        "DbgColor":15658734,
        "visible":true
    }],
    "faces":[34,11,2,0,0,0,1,2,34,0,8,61,0,2,3,4,34,0,61,11,0,2,4,0,35,3,7,6,2,0,5,6,7,1,35,4,6,38,19,0,8,7,9,10,35,0,4,5,1,0,2,8,11,12,35,0,2,6,4,0,2,1,7,8,35,5,7,3,1,0,11,6,5,12,34,10,3,2,0,13,5,1,34,2,11,60,0,1,0,14,34,2,60,10,0,1,14,13,34,9,1,3,0,15,12,5,34,3,10,59,0,5,13,16,34,3,59,9,0,5,16,15,34,8,0,1,0,3,2,12,34,1,9,58,0,12,15,17,34,1,58,8,0,12,17,3,35,43,42,28,44,0,18,19,20,21,35,42,41,27,28,0,19,22,23,20,35,20,43,44,36,0,24,18,21,25,35,16,25,50,13,0,26,27,28,28,35,41,40,26,27,0,22,29,30,23,34,45,7,5,0,31,6,11,34,5,20,39,0,11,24,32,34,5,39,45,0,11,32,31,34,20,5,4,0,24,11,8,34,4,19,29,0,8,10,33,34,29,30,31,0,33,34,35,34,31,32,33,0,35,36,37,34,33,34,18,0,37,38,39,34,18,17,40,0,39,40,29,34,40,41,42,0,29,22,19,34,42,43,20,0,19,18,24,34,20,4,29,0,24,8,33,34,29,31,33,0,33,35,37,34,33,18,40,0,37,39,29,34,40,42,20,0,29,19,24,34,20,29,33,0,24,33,37,34,33,40,20,0,37,29,24,35,40,17,15,26,0,29,40,41,30,35,18,34,25,16,0,39,38,27,26,35,34,33,24,25,0,38,37,42,27,35,33,32,23,24,0,37,36,43,42,35,32,31,22,23,0,36,35,44,43,35,31,30,21,22,0,35,34,45,44,35,30,29,35,21,0,34,33,46,45,35,29,19,37,35,0,33,10,47,46,35,17,18,16,15,0,40,39,26,41,35,6,7,45,38,0,7,6,31,9,35,36,44,57,55,0,25,21,28,48,35,44,28,53,57,0,21,20,28,28,35,28,27,52,53,0,20,23,28,28,35,27,26,51,52,0,23,30,28,28,35,26,15,14,51,0,30,41,28,28,35,25,24,49,50,0,27,42,28,28,35,15,16,13,14,0,41,26,28,28,35,24,23,48,49,0,42,43,28,28,35,21,35,54,46,0,45,46,28,28,35,22,21,46,47,0,44,45,28,28,35,23,22,47,48,0,43,44,28,28,35,35,37,56,54,0,46,47,28,28,35,8,58,67,64,0,3,17,49,50,35,58,9,66,67,0,17,15,51,49,35,9,59,68,66,0,15,16,32,51,35,59,10,65,68,0,16,13,6,32,35,10,60,69,65,0,13,14,28,6,35,60,11,63,69,0,14,0,52,28,35,11,61,70,63,0,0,4,53,52,35,61,8,64,70,0,4,3,50,53,34,63,70,71,0,52,53,53,34,77,64,67,0,54,50,49,34,67,62,72,0,49,55,56,34,72,73,74,0,56,57,58,34,74,75,76,0,58,59,60,34,76,77,67,0,60,54,49,34,67,72,74,0,49,56,58,34,67,74,76,0,49,58,60,34,62,67,66,0,55,49,51,34,66,78,79,0,51,61,62,34,79,80,81,0,62,63,64,34,81,82,83,0,64,65,66,34,83,62,66,0,66,55,51,34,66,79,81,0,51,62,64,34,66,81,83,0,51,64,66,35,62,83,97,12,0,55,66,67,68,35,83,82,96,97,0,66,65,69,67,35,82,81,95,96,0,65,64,70,69,35,81,80,94,95,0,64,63,71,70,35,80,79,93,94,0,63,62,72,71,35,79,78,92,93,0,62,61,73,72,35,78,66,85,92,0,61,51,74,73,35,64,77,91,84,0,50,54,75,76,35,77,76,90,91,0,54,60,77,75,35,76,75,89,90,0,60,59,78,77,35,75,74,88,89,0,59,58,79,78,35,74,73,87,88,0,58,57,80,79,35,73,72,86,87,0,57,56,81,80,35,72,62,12,86,0,56,55,68,81,35,12,97,112,98,0,68,67,28,28,35,97,96,111,112,0,67,69,48,28,35,96,95,110,111,0,69,70,28,48,35,95,94,109,110,0,70,71,28,28,35,94,93,108,109,0,71,72,28,28,35,93,92,107,108,0,72,73,48,28,35,92,85,100,107,0,73,74,28,48,35,84,91,106,99,0,76,75,28,28,35,91,90,105,106,0,75,77,28,28,35,90,89,104,105,0,77,78,28,28,35,89,88,103,104,0,78,79,28,28,35,88,87,102,103,0,79,80,28,28,35,87,86,101,102,0,80,81,28,28,35,86,12,98,101,0,81,68,28,28],
    "metadata":{
        "uvs":0,
        "faces":112,
        "normals":82,
        "type":"Geometry",
        "materials":1,
        "vertices":113,
        "version":3,
        "generator":"io_three"
    },
    "vertices":[-0.247105,0.044584,0.173984,0.044584,0.247105,0.173984,-0.247105,0.044584,-0.173984,0.044584,0.247105,-0.173984,-0.044584,-0.247105,0.173984,0.247105,-0.044584,0.173984,-0.044584,-0.247105,-0.173984,0.247105,-0.044584,-0.173984,-0.983075,1.14094,0.153668,-0.725446,1.31982,0.153668,-0.725446,1.31982,-0.153668,-0.983075,1.14094,-0.153668,-1.02989,1.48334,-0.153001,0.162294,-0.276905,-0.173312,0.162567,-0.276716,-0.173312,0.292814,-0.411414,-0.173313,0.27702,-0.422381,-0.173313,0.292814,-0.411414,0.173984,0.27702,-0.422381,0.173984,0.030252,-0.354891,0.173984,0.330075,-0.164084,0.173984,0.074545,-0.387118,-0.173313,0.103607,-0.403527,-0.173312,0.147925,-0.415676,-0.173312,0.194127,-0.425853,-0.173312,0.234278,-0.427359,-0.173312,0.31383,-0.383692,-0.173313,0.333284,-0.343505,-0.173313,0.340946,-0.288332,-0.173312,0.051669,-0.370234,0.173984,0.074545,-0.387118,0.173984,0.103607,-0.403527,0.173984,0.147925,-0.415676,0.173984,0.194127,-0.425853,0.173984,0.234278,-0.427359,0.173984,0.051669,-0.370234,-0.173313,0.330075,-0.164084,-0.173313,0.033658,-0.359796,-0.173313,0.03381,-0.360015,-0.173984,0.332291,-0.167275,-0.173984,0.31383,-0.383692,0.173984,0.333284,-0.343505,0.173984,0.340946,-0.288332,0.173984,0.344438,-0.23092,0.173984,0.344438,-0.23092,-0.173312,0.3296,-0.163399,-0.173984,0.1588,-0.276296,-0.173312,0.159302,-0.27658,-0.173312,0.160067,-0.276789,-0.173312,0.160864,-0.276965,-0.173312,0.161557,-0.276991,-0.173312,0.162929,-0.276237,-0.173312,0.163265,-0.275544,-0.173312,0.163397,-0.274592,-0.173312,0.158406,-0.276005,-0.173312,0.16321,-0.272448,-0.173312,0.158095,-0.275825,-0.173312,0.163457,-0.273601,-0.173312,-0.854261,1.23038,0.153668,-0.725446,1.31982,-0,-0.854261,1.23038,-0.153668,-0.983075,1.14094,-0,-1.02989,1.48334,0.153668,-1.07089,1.26742,-0.153668,-1.07089,1.26742,0.153668,-0.813261,1.4463,-0.153668,-0.813261,1.4463,0.153668,-0.942075,1.35686,0.153668,-0.813261,1.4463,-0,-0.942075,1.35686,-0.153668,-1.07089,1.26742,-0,-1.07123,1.26791,-0.153668,-1.04945,1.46118,0.153669,-1.06608,1.43765,0.153668,-1.0795,1.40655,0.153668,-1.08771,1.37194,0.153668,-1.09067,1.33383,0.153668,-1.0856,1.30056,0.153668,-0.839492,1.46595,0.153668,-0.871671,1.47889,0.153668,-0.908602,1.49082,0.153668,-0.938221,1.49631,0.153668,-0.972746,1.49638,0.153668,-1.00552,1.49168,0.153668,-1.07089,1.26742,-0.153001,-0.813261,1.4463,-0.153001,-1.04945,1.46118,-0.153001,-1.06608,1.43765,-0.153001,-1.0795,1.40655,-0.153001,-1.08771,1.37194,-0.153001,-1.09067,1.33383,-0.153001,-1.0856,1.30056,-0.153001,-0.839492,1.46595,-0.153001,-0.871671,1.47889,-0.153001,-0.908602,1.49082,-0.153001,-0.938221,1.49631,-0.153001,-0.972746,1.49638,-0.153001,-1.00552,1.49168,-0.153002,-0.943788,1.35637,-0.153001,-0.944341,1.35346,-0.153001,-0.940865,1.35587,-0.153001,-0.944051,1.35607,-0.153001,-0.944276,1.35576,-0.153001,-0.944457,1.35534,-0.153001,-0.944568,1.35487,-0.153001,-0.944608,1.35436,-0.153001,-0.944539,1.35391,-0.153001,-0.941219,1.35614,-0.153001,-0.941653,1.35631,-0.153001,-0.942151,1.35647,-0.153001,-0.942551,1.35655,-0.153001,-0.943017,1.35655,-0.153001,-0.943459,1.35649,-0.153001],
    "name":"Cubo.005Geometry",