	{

		"metadata": {
			"formatVersion" : 3.1,
			"generatedBy"   : "Blender 2.7 Exporter",
			"vertices"      : 113,
			"faces"         : 112,
			"normals"       : 83,
			"colors"        : 0,
			"uvs"           : [],
			"materials"     : 1,
			"morphTargets"  : 0,
			"bones"         : 0
		},

			"scale" : 1.000000,
			
			"vertices" : [0.212399,2.97422,0.186175,0.504088,3.17674,0.186175,0.212399,2.97422,-0.168927,0.504088,3.17674,-0.168927,0.414921,2.68253,0.186175,0.70661,2.88505,0.186175,0.414921,2.68253,-0.168927,0.70661,2.88505,-0.168927,-0.523571,4.07058,0.165443,-0.265941,4.24945,0.165443,-0.265941,4.24945,-0.148195,-0.523571,4.07058,-0.148195,-0.570385,4.41297,-0.147515,0.621799,2.65273,-0.168242,0.622071,2.65292,-0.168242,0.752319,2.51822,-0.168242,0.736524,2.50726,-0.168242,0.752319,2.51822,0.186175,0.736524,2.50726,0.186175,0.489757,2.57475,0.186175,0.78958,2.76555,0.186175,0.534049,2.54252,-0.168242,0.563111,2.52611,-0.168242,0.60743,2.51396,-0.168242,0.653631,2.50379,-0.168242,0.693782,2.50228,-0.168242,0.773334,2.54595,-0.168242,0.792789,2.58613,-0.168242,0.80045,2.64131,-0.168242,0.511173,2.5594,0.186175,0.534049,2.54252,0.186175,0.563111,2.52611,0.186175,0.60743,2.51396,0.186175,0.653631,2.50379,0.186175,0.693782,2.50228,0.186175,0.511173,2.5594,-0.168242,0.78958,2.76555,-0.168242,0.493163,2.56984,-0.168242,0.493315,2.56962,-0.168927,0.791795,2.76236,-0.168927,0.773334,2.54595,0.186175,0.792789,2.58613,0.186175,0.80045,2.64131,0.186175,0.803942,2.69872,0.186175,0.803942,2.69872,-0.168242,0.789104,2.76624,-0.168927,0.618305,2.65334,-0.168242,0.618806,2.65306,-0.168242,0.619571,2.65285,-0.168242,0.620368,2.65267,-0.168242,0.621061,2.65265,-0.168242,0.622434,2.6534,-0.168242,0.622769,2.65409,-0.168242,0.622902,2.65505,-0.168242,0.61791,2.65363,-0.168242,0.622714,2.65719,-0.168242,0.617599,2.65381,-0.168242,0.622962,2.65604,-0.168242,-0.394756,4.16002,0.165443,-0.265941,4.24945,0.0086238,-0.394756,4.16002,-0.148195,-0.523571,4.07058,0.0086238,-0.570385,4.41297,0.165443,-0.611386,4.19706,-0.148195,-0.611386,4.19706,0.165443,-0.353756,4.37593,-0.148195,-0.353756,4.37593,0.165443,-0.482571,4.2865,0.165443,-0.353756,4.37593,0.00862379,-0.482571,4.2865,-0.148195,-0.611386,4.19706,0.0086238,-0.611722,4.19754,-0.148195,-0.589948,4.39082,0.165443,-0.606579,4.36728,0.165443,-0.619998,4.33619,0.165443,-0.628207,4.30158,0.165443,-0.631162,4.26347,0.165443,-0.626093,4.2302,0.165443,-0.379987,4.39559,0.165443,-0.412167,4.40853,0.165443,-0.449098,4.42046,0.165443,-0.478716,4.42595,0.165443,-0.513242,4.42602,0.165443,-0.546013,4.42132,0.165442,-0.611386,4.19706,-0.147515,-0.353756,4.37593,-0.147515,-0.589948,4.39082,-0.147514,-0.606579,4.36728,-0.147515,-0.619998,4.33619,-0.147515,-0.628207,4.30158,-0.147515,-0.631162,4.26347,-0.147515,-0.626093,4.2302,-0.147515,-0.379987,4.39559,-0.147515,-0.412167,4.40853,-0.147515,-0.449098,4.42046,-0.147515,-0.478716,4.42595,-0.147515,-0.513242,4.42602,-0.147515,-0.546013,4.42132,-0.147515,-0.484283,4.28601,-0.147515,-0.484836,4.2831,-0.147515,-0.48136,4.28551,-0.147515,-0.484547,4.28571,-0.147515,-0.484771,4.2854,-0.147515,-0.484952,4.28498,-0.147515,-0.485063,4.28451,-0.147515,-0.485103,4.28399,-0.147515,-0.485035,4.28355,-0.147515,-0.481714,4.28578,-0.147515,-0.482148,4.28595,-0.147515,-0.482647,4.28611,-0.147515,-0.483046,4.28619,-0.147515,-0.483512,4.28619,-0.147515,-0.483954,4.28612,-0.147515],
			"faces"    : [34,2,61,11,0,0,1,2,34,0,8,61,0,3,4,1,34,2,0,61,0,0,3,1,35,3,7,6,2,0,5,6,7,0,35,4,6,38,19,0,8,7,9,10,35,0,4,5,1,0,3,8,11,12,35,0,2,6,4,0,3,0,7,8,35,5,7,3,1,0,11,6,5,12,34,3,60,10,0,5,13,14,34,2,11,60,0,0,2,13,34,3,2,60,0,5,0,13,34,1,59,9,0,12,15,16,34,3,10,59,0,5,14,15,34,1,3,59,0,12,5,15,34,0,58,8,0,3,17,4,34,1,9,58,0,12,16,17,34,0,1,58,0,3,12,17,35,43,42,28,44,0,18,19,20,21,35,42,41,27,28,0,19,22,23,20,35,20,43,44,36,0,24,18,21,25,35,16,25,50,13,0,26,27,28,28,35,41,40,26,27,0,22,29,30,23,34,20,39,45,0,24,31,32,34,7,5,45,0,6,11,32,34,5,20,45,0,11,24,32,34,5,43,20,0,11,18,24,34,41,42,43,0,22,19,18,34,17,40,41,0,33,29,22,34,34,18,17,0,34,35,33,34,32,33,34,0,36,37,34,34,30,31,32,0,38,39,36,34,4,19,29,0,8,10,40,34,29,30,32,0,40,38,36,34,32,34,17,0,36,34,33,34,17,41,43,0,33,22,18,34,5,4,43,0,11,8,18,34,4,29,32,0,8,40,36,34,32,17,43,0,36,33,18,34,4,32,43,0,8,36,18,35,40,17,15,26,0,29,33,41,30,35,18,34,25,16,0,35,34,27,26,35,34,33,24,25,0,34,37,42,27,35,33,32,23,24,0,37,36,43,42,35,32,31,22,23,0,36,39,44,43,35,31,30,21,22,0,39,38,45,44,35,30,29,35,21,0,38,40,46,45,35,29,19,37,35,0,40,10,47,46,35,17,18,16,15,0,33,35,26,41,35,6,7,45,38,0,7,6,32,9,35,36,44,57,55,0,25,21,48,28,35,44,28,53,57,0,21,20,48,48,35,28,27,52,53,0,20,23,28,48,35,27,26,51,52,0,23,30,28,28,35,26,15,14,51,0,30,41,28,28,35,25,24,49,50,0,27,42,28,28,35,15,16,13,14,0,41,26,28,28,35,24,23,48,49,0,42,43,28,28,35,21,35,54,46,0,45,46,28,28,35,22,21,46,47,0,44,45,28,28,35,23,22,47,48,0,43,44,28,28,35,35,37,56,54,0,46,47,28,28,35,8,58,67,64,0,4,17,49,50,35,58,9,66,67,0,17,16,51,49,35,9,59,68,66,0,16,15,31,51,35,59,10,65,68,0,15,14,6,31,35,10,60,69,65,0,14,13,28,6,35,60,11,63,69,0,13,2,52,28,35,11,61,70,63,0,2,1,53,52,35,61,8,64,70,0,1,4,50,53,34,63,70,71,0,52,53,54,34,64,76,77,0,50,55,56,34,74,75,76,0,57,58,55,34,72,73,74,0,59,60,57,34,67,62,72,0,49,61,59,34,64,67,76,0,50,49,55,34,72,74,76,0,59,57,55,34,67,72,76,0,49,59,55,34,67,83,62,0,49,62,61,34,81,82,83,0,63,64,62,34,79,80,81,0,65,66,63,34,66,78,79,0,51,67,65,34,67,66,83,0,49,51,62,34,79,81,83,0,65,63,62,34,66,79,83,0,51,65,62,35,62,83,97,12,0,61,62,68,69,35,83,82,96,97,0,62,64,70,68,35,82,81,95,96,0,64,63,71,70,35,81,80,94,95,0,63,66,72,71,35,80,79,93,94,0,66,65,73,72,35,79,78,92,93,0,65,67,74,73,35,78,66,85,92,0,67,51,75,74,35,64,77,91,84,0,50,56,76,77,35,77,76,90,91,0,56,55,78,76,35,76,75,89,90,0,55,58,79,78,35,75,74,88,89,0,58,57,80,79,35,74,73,87,88,0,57,60,81,80,35,73,72,86,87,0,60,59,82,81,35,72,62,12,86,0,59,61,69,82,35,12,97,112,98,0,69,68,28,48,35,97,96,111,112,0,68,70,48,28,35,96,95,110,111,0,70,71,48,48,35,95,94,109,110,0,71,72,28,48,35,94,93,108,109,0,72,73,28,28,35,93,92,107,108,0,73,74,48,28,35,92,85,100,107,0,74,75,28,48,35,84,91,106,99,0,77,76,28,28,35,91,90,105,106,0,76,78,28,28,35,90,89,104,105,0,78,79,28,28,35,89,88,103,104,0,79,80,48,28,35,88,87,102,103,0,80,81,28,48,35,87,86,101,102,0,81,82,28,28,35,86,12,98,101,0,82,69,48,28],
			"uvs"      : [],