{
    "uvs":[],
    "materials":[{
        "blending":"NormalBlending",
        "opacity":1,
        "shading":"phong",
        "DbgIndex":0,
        "transparent":false,
        "colorSpecular":[0.5,0.5,0.5],
        "depthTest":true,
        "colorDiffuse":[0.474061,0.474061,0.474061],
        "DbgName":"Plateado.001",
        "specularCoef":50,
        "colorEmissive":[0,0,0],
        "depthWrite":true,
        "wireframe":false,
        "DbgColor":15658734,
        "visible":true
    }],
    "faces":[34,2,0,1,0,0,1,2,34,1,64,3,0,2,3,4,34,1,3,2,0,2,4,0,34,4,2,3,0,5,0,4,34,65,5,4,0,6,7,5,34,3,65,4,0,4,6,5,34,6,4,5,0,8,5,7,34,5,66,7,0,7,9,10,34,5,7,6,0,7,10,8,34,8,6,7,0,11,8,10,34,67,9,8,0,12,13,11,34,7,67,8,0,10,12,11,34,10,8,9,0,14,11,13,34,68,11,10,0,15,16,14,34,9,68,10,0,13,15,14,34,12,10,11,0,17,14,16,34,69,13,12,0,18,19,17,34,11,69,12,0,16,18,17,34,14,12,13,0,20,17,19,34,70,15,14,0,21,22,20,34,13,70,14,0,19,21,20,34,16,14,15,0,23,20,22,34,71,17,16,0,24,25,23,34,15,71,16,0,22,24,23,34,18,16,17,0,26,23,25,34,72,19,18,0,27,28,26,34,17,72,18,0,25,27,26,34,20,18,19,0,29,26,28,34,73,21,20,0,30,31,29,34,19,73,20,0,28,30,29,34,22,20,21,0,32,29,31,34,74,23,22,0,33,34,32,34,21,74,22,0,31,33,32,34,24,22,23,0,35,32,34,34,75,25,24,0,36,37,35,34,23,75,24,0,34,36,35,34,26,24,25,0,38,35,37,34,76,27,26,0,39,40,38,34,25,76,26,0,37,39,38,34,28,26,27,0,41,38,40,34,77,29,28,0,42,43,41,34,27,77,28,0,40,42,41,34,30,28,29,0,44,41,43,34,78,31,30,0,45,46,44,34,29,78,30,0,43,45,44,34,32,30,31,0,47,44,46,34,31,79,33,0,46,48,49,34,31,33,32,0,46,49,47,34,34,32,33,0,50,47,49,34,80,35,34,0,51,52,50,34,33,80,34,0,49,51,50,34,36,34,35,0,53,50,52,34,81,37,36,0,54,55,53,34,35,81,36,0,52,54,53,34,38,36,37,0,56,53,55,34,82,39,38,0,57,58,56,34,37,82,38,0,55,57,56,34,40,38,39,0,59,56,58,34,39,83,41,0,58,60,61,34,39,41,40,0,58,61,59,34,42,40,41,0,62,59,61,34,84,43,42,0,63,64,62,34,41,84,42,0,61,63,62,34,44,42,43,0,65,62,64,34,85,45,44,0,66,67,65,34,43,85,44,0,64,66,65,34,46,44,45,0,68,65,67,34,86,47,46,0,69,70,68,34,45,86,46,0,67,69,68,34,48,46,47,0,71,68,70,34,47,87,49,0,70,72,73,34,47,49,48,0,70,73,71,34,50,48,49,0,74,71,73,34,88,51,50,0,75,76,74,34,49,88,50,0,73,75,74,34,52,50,51,0,77,74,76,34,51,89,53,0,76,78,79,34,51,53,52,0,76,79,77,34,54,52,53,0,80,77,79,34,90,55,54,0,81,82,80,34,53,90,54,0,79,81,80,34,56,54,55,0,83,80,82,34,91,57,56,0,84,85,83,34,55,91,56,0,82,84,83,34,58,56,57,0,86,83,85,34,92,59,58,0,87,88,86,34,57,92,58,0,85,87,86,34,60,58,59,0,89,86,88,34,93,61,60,0,90,91,89,34,59,93,60,0,88,90,89,35,25,75,118,121,0,37,36,92,93,34,0,62,63,0,1,94,95,34,95,1,0,0,96,2,1,34,63,95,0,0,95,96,1,34,62,60,61,0,94,89,91,34,61,94,63,0,91,97,95,34,61,63,62,0,91,95,94,34,62,0,2,0,94,1,0,34,2,4,6,0,0,5,8,34,6,8,10,0,8,11,14,34,10,12,14,0,14,17,20,34,14,16,18,0,20,23,26,34,18,20,22,0,26,29,32,34,22,24,26,0,32,35,38,34,26,28,30,0,38,41,44,34,30,32,34,0,44,47,50,34,34,36,38,0,50,53,56,34,38,40,42,0,56,59,62,34,42,44,46,0,62,65,68,34,46,48,50,0,68,71,74,34,50,52,54,0,74,77,80,34,54,56,58,0,80,83,86,34,58,60,62,0,86,89,94,34,62,2,6,0,94,0,8,34,6,10,14,0,8,14,20,34,14,18,22,0,20,26,32,34,22,26,30,0,32,38,44,34,30,34,38,0,44,50,56,34,38,42,46,0,56,62,68,34,46,50,54,0,68,74,80,34,54,58,62,0,80,86,94,34,62,6,14,0,94,8,20,34,14,22,30,0,20,32,44,34,30,38,46,0,44,56,68,34,46,54,62,0,68,80,94,34,62,14,30,0,94,20,44,34,30,46,62,0,44,68,94,34,98,99,96,0,98,99,100,34,96,97,158,0,100,101,102,34,158,159,156,0,102,103,104,34,156,157,154,0,104,105,106,34,154,155,152,0,106,107,108,34,152,153,150,0,108,109,110,34,150,151,148,0,110,111,112,34,148,149,146,0,112,113,114,34,146,147,144,0,114,115,116,34,144,145,142,0,116,117,118,34,142,143,140,0,118,119,120,34,140,141,138,0,120,121,122,34,138,139,136,0,122,123,124,34,136,137,134,0,124,125,126,34,134,135,132,0,126,127,128,34,132,133,130,0,128,129,130,34,130,131,128,0,130,131,132,34,128,129,126,0,132,133,134,34,126,127,124,0,134,135,136,34,124,125,122,0,136,137,138,34,122,123,120,0,138,139,140,34,120,121,118,0,140,93,92,34,118,119,116,0,92,141,142,34,116,117,114,0,142,143,144,34,114,115,112,0,144,145,146,34,112,113,110,0,146,147,148,34,110,111,108,0,148,149,150,34,108,109,106,0,150,151,152,34,106,107,104,0,152,153,154,34,104,105,102,0,154,155,156,34,102,103,100,0,156,157,158,34,100,101,98,0,158,159,98,34,98,96,158,0,98,100,102,34,158,156,154,0,102,104,106,34,154,152,150,0,106,108,110,34,150,148,146,0,110,112,114,34,146,144,142,0,114,116,118,34,142,140,138,0,118,120,122,34,138,136,134,0,122,124,126,34,134,132,130,0,126,128,130,34,130,128,126,0,130,132,134,34,126,124,122,0,134,136,138,34,122,120,118,0,138,140,92,34,118,116,114,0,92,142,144,34,114,112,110,0,144,146,148,34,110,108,106,0,148,150,152,34,106,104,102,0,152,154,156,34,102,100,98,0,156,158,98,34,98,158,154,0,98,102,106,34,154,150,146,0,106,110,114,34,146,142,138,0,114,118,122,34,138,134,130,0,122,126,130,34,130,126,122,0,130,134,138,34,122,118,114,0,138,92,144,34,114,110,106,0,144,148,152,34,106,102,98,0,152,156,98,34,98,154,146,0,98,106,114,34,146,138,130,0,114,122,130,34,130,122,114,0,130,138,144,34,114,106,98,0,144,152,98,34,98,146,130,0,98,114,130,34,130,114,98,0,130,144,98,35,73,19,115,114,0,30,28,145,144,35,27,76,120,123,0,40,39,140,139,35,82,37,133,132,0,57,55,129,128,35,29,77,122,125,0,43,42,138,137,35,91,55,151,150,0,84,82,111,110,35,65,3,99,98,0,6,4,99,98,35,31,78,124,127,0,46,45,136,135,35,74,21,117,116,0,33,31,143,142,35,33,79,126,129,0,49,48,134,133,35,83,39,135,134,0,60,58,127,126,35,35,80,128,131,0,52,51,132,131,35,92,57,153,152,0,87,85,109,108,35,66,5,101,100,0,9,7,159,158,35,37,81,130,133,0,55,54,130,129,35,75,23,119,118,0,36,34,141,92,35,39,82,132,135,0,58,57,128,127,35,84,41,137,136,0,63,61,125,124,35,41,83,134,137,0,61,60,126,125,35,93,59,155,154,0,90,88,107,106,35,67,7,103,102,0,12,10,157,156,35,43,84,136,139,0,64,63,124,123,35,76,25,121,120,0,39,37,93,140,35,45,85,138,141,0,67,66,122,121,35,85,43,139,138,0,66,64,123,122,35,47,86,140,143,0,70,69,120,119,35,94,61,157,156,0,97,91,105,104,35,68,9,105,104,0,15,13,155,154,35,49,87,142,145,0,73,72,118,117,35,77,27,123,122,0,42,40,139,138,35,51,88,144,147,0,76,75,116,115,35,86,45,141,140,0,69,67,121,120,35,53,89,146,149,0,79,78,114,113,35,95,63,159,158,0,96,95,103,102,35,69,11,107,106,0,18,16,153,152,35,55,90,148,151,0,82,81,112,111,35,3,64,96,99,0,4,3,100,99,35,78,29,125,124,0,45,43,137,136,35,57,91,150,153,0,85,84,110,109,35,5,65,98,101,0,7,6,98,159,35,87,47,143,142,0,72,70,119,118,35,59,92,152,155,0,88,87,108,107,35,7,66,100,103,0,10,9,158,157,35,70,13,109,108,0,21,19,151,150,35,61,93,154,157,0,91,90,106,105,35,9,67,102,105,0,13,12,156,155,35,79,31,127,126,0,48,46,135,134,35,63,94,156,159,0,95,97,104,103,35,11,68,104,107,0,16,15,154,153,35,88,49,145,144,0,75,73,117,116,35,1,95,158,97,0,2,96,102,101,35,13,69,106,109,0,19,18,152,151,35,71,15,111,110,0,24,22,149,148,35,15,70,108,111,0,22,21,150,149,35,80,33,129,128,0,51,49,133,132,35,17,71,110,113,0,25,24,148,147,35,89,51,147,146,0,78,76,115,114,35,19,72,112,115,0,28,27,146,145,35,72,17,113,112,0,27,25,147,146,35,21,73,114,117,0,31,30,144,143,35,81,35,131,130,0,54,52,131,130,35,64,1,97,96,0,3,2,101,100,35,23,74,116,119,0,34,33,142,141,35,90,53,149,148,0,81,79,113,112],
    "metadata":{
        "uvs":0,
        "faces":252,
        "normals":160,
        "type":"Geometry",
        "materials":1,
        "vertices":160,
        "version":3,
        "generator":"io_three"
    },