	{

		"metadata": {
			"formatVersion" : 3.1,
			"generatedBy"   : "Blender 2.7 Exporter",
			"vertices"      : 48,
			"faces"         : 62,
			"normals"       : 12,
			"colors"        : 0,
			"uvs"           : [],
			"materials"     : 1,
			"morphTargets"  : 0,
			"bones"         : 0
		},

			"scale" : 1.000000,
			
			"vertices" : [-8.1784,0.0363542,0.425133,-8.1784,0.681643,0.425133,-8.1784,0.0363542,-0.425133,-8.1784,0.681643,-0.425133,8.1784,0.0363542,0.425133,8.1784,0.681643,0.425133,8.1784,0.0363542,-0.425133,8.1784,0.681643,-0.425133,-8.1784,0.944516,0.422772,-8.1784,0.944516,0.161222,-8.1784,0.680792,0.161222,-8.1784,0.680792,0.422772,-8.1784,0.695145,0.422772,-8.1784,0.695145,0.227639,-8.1784,0.701435,0.227639,-8.1784,0.701407,0.204902,-8.1784,0.908639,0.208737,-8.1784,0.908503,0.227639,-8.1784,0.931971,0.227639,-8.1784,0.931971,0.422772,8.1784,0.944516,0.422772,8.1784,0.931971,0.422772,8.1784,0.944516,0.161222,8.1784,0.680792,0.161222,8.1784,0.680792,0.422772,8.1784,0.695145,0.422772,8.1784,0.931971,0.227639,8.1784,0.695145,0.227639,8.1784,0.93868,-0.425112,8.1784,0.93868,-0.163562,8.1784,0.674956,-0.163562,8.1784,0.674956,-0.425112,8.1784,0.689309,-0.425112,8.1784,0.689309,-0.229979,8.1784,0.6956,-0.229979,8.1784,0.695571,-0.207242,8.1784,0.902804,-0.211077,8.1784,0.902668,-0.229979,8.1784,0.926135,-0.229979,8.1784,0.926135,-0.425112,-8.1784,0.93868,-0.425114,-8.1784,0.926135,-0.425114,-8.1784,0.93868,-0.163565,-8.1784,0.674956,-0.163565,-8.1784,0.674956,-0.425114,-8.1784,0.689309,-0.425114,-8.1784,0.926135,-0.229981,-8.1784,0.689309,-0.229981],
			"faces"    : [35,2,0,1,3,0,0,1,2,3,35,3,7,6,2,0,3,4,5,0,35,7,5,4,6,0,4,6,7,5,35,0,4,5,1,0,1,7,6,2,35,0,2,6,4,0,1,0,5,7,35,5,7,3,1,0,6,4,3,2,34,8,18,19,1,2,1,1,34,16,17,18,1,8,9,1,34,13,14,15,1,2,9,8,34,8,9,18,1,2,3,1,34,11,12,13,1,1,2,2,34,9,16,18,1,3,8,1,34,10,11,13,1,0,1,2,34,9,15,16,1,3,8,8,34,10,13,15,1,0,2,8,34,9,10,15,1,3,0,8,35,20,8,19,21,1,6,2,1,7,35,9,8,20,22,1,3,2,6,4,35,9,22,23,10,1,3,4,5,0,35,11,10,23,24,1,1,0,5,7,35,12,11,24,25,1,2,1,7,6,35,17,16,15,14,1,9,8,8,9,34,25,24,23,1,6,7,5,34,22,20,21,1,4,6,7,34,27,25,23,1,6,6,5,34,22,21,26,1,4,7,7,34,22,27,23,1,4,6,5,34,22,26,27,1,4,7,6,34,18,27,26,1,1,6,7,34,14,13,27,1,9,2,6,34,18,17,14,1,1,9,9,34,18,14,27,1,1,9,6,35,21,19,18,26,1,7,1,1,7,35,12,25,27,13,1,2,6,6,2,34,28,38,39,2,4,5,5,34,36,37,38,2,10,11,5,34,33,34,35,2,4,11,10,34,28,29,38,2,4,6,5,34,31,32,33,2,5,4,4,34,29,36,38,2,6,10,5,34,30,31,33,2,7,5,4,34,29,35,36,2,6,10,10,34,30,33,35,2,7,4,10,34,29,30,35,2,6,7,10,35,40,28,39,41,2,3,4,5,0,35,29,28,40,42,2,6,4,3,2,35,29,42,43,30,2,6,2,1,7,35,31,30,43,44,2,5,7,1,0,35,32,31,44,45,2,4,5,0,3,35,37,36,35,34,2,11,10,10,11,34,45,44,43,2,3,0,1,34,42,40,41,2,2,3,0,34,47,45,43,2,3,3,1,34,42,41,46,2,2,0,0,34,42,47,43,2,2,3,1,34,42,46,47,2,2,0,3,34,38,47,46,2,5,3,0,34,34,33,47,2,11,4,3,34,38,37,34,2,5,11,11,34,38,34,47,2,5,11,3,35,41,39,38,46,2,0,5,5,0,35,32,45,47,33,2,4,3,3,4],
			"uvs"      : [],
			"normals"  : [-0.577349,-0.577349,-0.577349,-0.577349,-0.577349,0.577349,-0.577349,0.577349,0.577349,-0.577349,0.577349,-0.577349,0.577349,0.577349,-0.577349,0.577349,-0.577349,-0.577349,0.577349,0.577349,0.577349,0.577349,-0.577349,0.577349,-1,0,0,-0.707083,0,0.707083,1,0,0,0.707144,0,-0.707053],
			
			"skinIndices"  : [],
			"skinWeights"  : [],
			"morphTargets" : [],
			
			"bones"      : [],
			"animations" : [],
			
			"colors"    : [],
			"materials" : [
				{
					"DbgColor": 15658734,
					"DbgIndex": 0,
					"DbgName": "Hierro",
					"blending": "NormalBlending",
					"colorAmbient": [0.800000011920929, 0.800000011920929, 0.800000011920929],
					"colorDiffuse": [0.800000011920929, 0.800000011920929, 0.800000011920929],
					"colorEmissive": [0.0, 0.0, 0.0],
					"colorSpecular": [0.5, 0.5, 0.5],
					"depthTest": true,
					"depthWrite": true,
					"mapDiffuse": "hierro.jpg",
					"mapDiffuseWrap": ["repeat", "repeat"],
					"shading": "Phong",
					"specularCoef": 50,
					"transparency": 1.0,
					"transparent": false,
					"vertexColors": false
				},
				{
					"DbgColor": 15597568,
					"DbgIndex": 1,
					"DbgName": "Aluminio",
					"blending": "NormalBlending",
					"colorAmbient": [0.6400000190734865, 0.6400000190734865, 0.6400000190734865],
					"colorDiffuse": [0.6400000190734865, 0.6400000190734865, 0.6400000190734865],
					"colorEmissive": [0.0, 0.0, 0.0],
					"colorSpecular": [0.5, 0.5, 0.5],
					"depthTest": true,
					"depthWrite": true,
					"mapDiffuse": "aluminio.jpg",
					"mapDiffuseWrap": ["repeat", "repeat"],
					"shading": "Phong",
					"specularCoef": 50,
					"transparency": 1.0,
					"transparent": false,
					"vertexColors": false
				},
				{
					"DbgColor": 15597568,
					"DbgIndex": 1,
					"DbgName": "Aluminio",
					"blending": "NormalBlending",
					"colorAmbient": [0.6400000190734865, 0.6400000190734865, 0.6400000190734865],
					"colorDiffuse": [0.6400000190734865, 0.6400000190734865, 0.6400000190734865],
					"colorEmissive": [0.0, 0.0, 0.0],
					"colorSpecular": [0.5, 0.5, 0.5],
					"depthTest": true,
					"depthWrite": true,
					"mapDiffuse": "aluminio.jpg",
					"mapDiffuseWrap": ["repeat", "repeat"],
					"shading": "Phong",
					"specularCoef": 50,
					"transparency": 1.0,
					"transparent": false,
					"vertexColors": false
				}
			]


	}
